{"train_loss": [4.0196, 3.9992, 4.0017, 3.8881, 3.7973, 3.6858, 3.5826, 3.4841, 3.2951, 3.2891, 3.1936, 3.0481, 3.0148, 2.9411, 2.8684, 2.7715, 2.7088, 2.6231, 2.6497, 2.521, 2.4231, 2.4273, 2.3227, 2.4913, 2.3782, 2.1624, 2.2276, 2.1245, 2.0877, 2.1217, 1.9051, 1.8847, 2.0332, 2.0517, 1.8238, 1.887, 1.798, 1.8067, 1.8315, 1.6128, 1.6254, 1.6552, 1.6664, 1.6705, 1.5926, 1.566, 1.5717, 1.4403, 1.4166, 1.4257, 1.3434, 1.418, 1.3988, 1.4058, 1.2363, 1.2838, 1.2755, 1.3338, 1.1894, 1.2229, 1.1907, 1.1451, 1.1888, 1.1336, 1.1232, 1.1157, 1.1448, 1.073, 1.0321, 0.9846, 1.058, 0.9717, 1.0755, 1.0042, 0.9752, 0.9523, 0.9989, 0.8319, 0.8465, 0.8257, 0.9154, 0.9012, 0.8914, 0.8092, 0.843, 0.8657, 0.7321, 0.8217, 0.7873, 0.7612, 0.7424, 0.7266, 0.759, 0.7316, 0.739, 0.6649, 0.7013, 0.719, 0.6967, 0.6508, 0.6459, 0.7277, 0.5815, 0.603, 0.6462, 0.597, 0.6844, 0.6613, 0.6078, 0.6508, 0.5934, 0.5764, 0.5041, 0.6084, 0.5506, 0.5522, 0.5684], "eval_loss": [3.444317102432251, 2.832644462585449, 2.5788002014160156, 2.417654037475586, 2.319713592529297, 2.2228546142578125, 2.169699192047119, 2.145927906036377, 2.1173226833343506, 2.1125454902648926, 2.081482410430908, 2.087106943130493, 2.0853118896484375, 2.1004951000213623, 2.094994068145752, 2.1333200931549072, 2.120312213897705, 2.1049180030822754, 2.1271848678588867, 2.083491802215576, 2.1302499771118164, 2.1492414474487305, 2.1633665561676025, 2.156339168548584, 2.288055181503296], "steps": [20, 40, 60, 80, 100, 120, 140, 160, 180, 200, 220, 240, 260, 280, 300, 320, 340, 360, 380, 400, 420, 440, 460, 480, 500, 520, 540, 560, 580, 600, 620, 640, 660, 680, 700, 720, 740, 760, 780, 800, 820, 840, 860, 880, 900, 920, 940, 960, 980, 1000, 1020, 1040, 1060, 1080, 1100, 1120, 1140, 1160, 1180, 1200, 1220, 1240, 1260, 1280, 1300, 1320, 1340, 1360, 1380, 1400, 1420, 1440, 1460, 1480, 1500, 1520, 1540, 1560, 1580, 1600, 1620, 1640, 1660, 1680, 1700, 1720, 1740, 1760, 1780, 1800, 1820, 1840, 1860, 1880, 1900, 1920, 1940, 1960, 1980, 2000, 2020, 2040, 2060, 2080, 2100, 2120, 2140, 2160, 2180, 2200, 2220, 2240, 2260, 2280, 2300, 2320, 2340], "eval_steps": [98, 196, 294, 392, 490, 588, 686, 784, 882, 980, 1078, 1176, 1274, 1372, 1470, 1568, 1666, 1764, 1862, 1960, 2058, 2156, 2254, 2352, 2352]}