{"train_loss": [3.1486, 3.1273, 3.1613, 3.1783, 3.1324, 3.0867, 3.1208, 3.0849, 2.9957, 2.9853, 3.0148, 2.9776, 2.8742, 2.8625, 2.7869, 2.7581, 2.7191, 2.5247, 2.5871, 2.5378, 2.5234, 2.4507, 2.389, 2.4603, 2.4293, 2.351, 2.1644, 2.1682, 2.2688, 2.2421, 2.2574, 2.1988, 2.1264, 2.1728, 2.0275, 2.1691, 2.1256, 2.0625, 2.0113, 2.1107, 2.1505, 2.0337, 2.0167, 2.0485, 1.8846, 2.0683, 2.1203, 2.035, 1.9588, 1.9778, 1.9162, 1.9354, 1.9349, 1.9415, 1.8972, 1.8737, 1.9365, 1.8834, 1.7964, 1.9422, 1.898, 1.9402, 1.8598, 2.0016, 1.9506], "eval_loss": [2.9208548069000244, 2.451221466064453, 2.1834683418273926, 2.050783395767212, 2.0007708072662354, 1.9551560878753662, 1.8987257480621338, 1.91069757938385, 1.8742694854736328], "steps": [20, 40, 60, 80, 100, 120, 140, 160, 180, 200, 220, 240, 260, 280, 300, 320, 340, 360, 380, 400, 420, 440, 460, 480, 500, 520, 540, 560, 580, 600, 620, 640, 660, 680, 700, 720, 740, 760, 780, 800, 820, 840, 860, 880, 900, 920, 940, 960, 980, 1000, 1020, 1040, 1060, 1080, 1100, 1120, 1140, 1160, 1180, 1200, 1220, 1240, 1260, 1280, 1300], "eval_steps": [164, 328, 492, 656, 820, 984, 1148, 1312, 1312]}