{"train_loss": [1.9124, 1.8436, 1.7937, 1.8097, 1.7404, 1.721, 1.5612, 1.6357, 1.5555, 1.484, 1.4259, 1.4032, 1.3263, 1.3294, 1.2041, 1.2541, 1.203, 1.1946, 1.1525, 1.1079, 1.1043, 1.0723, 1.0596, 0.9998, 1.0118, 1.0236], "eval_loss": [1.9317131042480469, 1.8548930883407593, 1.8326547145843506, 1.7599321603775024, 1.7897131443023682, 1.7624706029891968, 1.7426754236221313, 1.7564245462417603, 1.7519501447677612, 1.7470934391021729, 1.7493605613708496, 1.744025468826294, 1.7589234113693237, 1.8453075885772705], "steps": [20, 40, 60, 80, 100, 120, 140, 160, 180, 200, 220, 240, 260, 280, 300, 320, 340, 360, 380, 400, 420, 440, 460, 480, 500, 520], "eval_steps": [41, 82, 123, 164, 205, 246, 287, 328, 369, 410, 451, 492, 533, 533]}